"2","r error 4 (R code execution error)"
"0","p1a <- ggboxplot("
"0","  datalong, x = ""variable1"", y = ""measurement"","
"0","  fill = ""variable2"", palette = ""grey"","
"0","  orientation = if(config$generalplot$rotate == 1){""horizontal""},"
"0","  x.text.angle = config$generalplot$xaxislabelrot) +"
"0","  labs(y=config$generalplot$yaxisname, x = config$generalplot$xaxis, fill=config$generalplot$fill) +"
"0","  if(config$generalplot$customcolorchoice == 1) {scale_fill_manual(values = c(config$generalplot$colorlevels))}"
"2","Error in if (config$generalplot$rotate == 1) { : 
  argument is of length zero
"
