"HMM.Family"	"raw_name"	"HMM_length"	"notes"
"acdS"	"acdS_0"	"338"	""
"baiCD"	"baiCD_1"	"639"	""
"benA"	"benA_2"	"461"	""
"bphA1"	"bphA1_3"	"462"	""
"bphA2"	"bphA2_4"	"139"	""
"bph"	"bph_5"	""	"450"
"carA"	"carA_6"	"383"	""
"cntA"	"cntA_7"	"374"	""
"dbfA2"	"dbfA2_8"	"434"	""
"etnC"	"etnC_9"	"502"	""
"nfsI"	"nfsI_10"	"217"	""
"nifD"	"nifD_11"	"481"	""
"nifH"	"nifH_new_12"	"295"	""
"npah"	"npah_13"	"449"	""
"p450"	"p450_14"	"418"	""
"pnrB"	"pnrB_15"	"217"	""
"rpoB"	"rpoB_16"	"2842"	""
"xenA"	"xenA_17"	"370"	""
"xenB"	"xenB_18"	"349"	""
"xplA"	"xplA_19"	"553"	""
"K00496"	"K00496_0"	""	""
"EF_Tu"	"EF_Tu_0"	"428"	""
"fusA"	"fusA_1"	"692"	""
"leuS"	"leuS_2"	"848"	""
"recG"	"recG_3"	"708"	""
